<?xml version="1.0" encoding="UTF-8"?>
<Customer_list>
	<Customer>
		<Name>헐크</Name>
		<CustomerNumber>20185121</CustomerNumber>
		<Account>500</Account>
	</Customer>
	<Customer>
		<Name>캡틴아메리카</Name>
		<CustomerNumber>20185111</CustomerNumber>
		<Account>5000</Account>
	</Customer>
	<Customer>
		<Name>아이언맨</Name>
		<CustomerNumber>20185134</CustomerNumber>
		<Account>7500</Account>
	</Customer>
	<Customer>
		<Name>호크아이</Name>
		<CustomerNumber>20185210</CustomerNumber>
		<Account>700</Account>
	</Customer>
	<Customer>
		<Name>토르</Name>
		<CustomerNumber>20185100</CustomerNumber>
		<Account>9800</Account>
	</Customer>
</Customer_list>