<?xml version="1.0" encoding="UTF-8"?>

<student_list>
	<student>
		<Name>헐크</Name>
		<StudentNumber>20185121</StudentNumber>
	</student>
	<student>
		<Name>캡틴아메리카</Name>
		<StudentNumber>20185111</StudentNumber>
	</student>
	<student>
		<Name>아이언맨</Name>
		<StudentNumber>20185134</StudentNumber>
	</student>
	<student>
		<Name>호크아이</Name>
		<StudentNumber>20185210</StudentNumber>
	</student>
	<student>
		<Name>헐크</Name>
		<StudentNumber>20185100</StudentNumber>
	</student>
</student_list>